images,labels
00090006.jpg,00090006.txt
00170055.jpg,00170055.txt
00170085.jpg,00170085.txt
00120010.jpg,00120010.txt
00280058.jpg,00280058.txt
00100147.jpg,00100147.txt
00200107.jpg,00200107.txt
00130094.jpg,00130094.txt
00210092.jpg,00210092.txt
00210192.jpg,00210192.txt
00110125.jpg,00110125.txt
00250094.jpg,00250094.txt
00040066.jpg,00040066.txt
00100137.jpg,00100137.txt
00040056.jpg,00040056.txt
00220163.jpg,00220163.txt
00220123.jpg,00220123.txt
00080001.jpg,00080001.txt
00020053.jpg,00020053.txt
00230127.jpg,00230127.txt
00270050.jpg,00270050.txt
00140048.jpg,00140048.txt
00060100.jpg,00060100.txt
00220073.jpg,00220073.txt
00160120.jpg,00160120.txt
00200137.jpg,00200137.txt
00110055.jpg,00110055.txt
00280018.jpg,00280018.txt
00120150.jpg,00120150.txt
00230007.jpg,00230007.txt
00150020.jpg,00150020.txt
00170135.jpg,00170135.txt
00070008.jpg,00070008.txt
00100127.jpg,00100127.txt
00220143.jpg,00220143.txt
00200077.jpg,00200077.txt
00130064.jpg,00130064.txt
00270060.jpg,00270060.txt
00240107.jpg,00240107.txt
00270010.jpg,00270010.txt
00020023.jpg,00020023.txt
00150140.jpg,00150140.txt
00070088.jpg,00070088.txt
00210122.jpg,00210122.txt
00010040.jpg,00010040.txt
00200027.jpg,00200027.txt
00110085.jpg,00110085.txt
00090086.jpg,00090086.txt
00100007.jpg,00100007.txt
00290056.jpg,00290056.txt
00080111.jpg,00080111.txt
00250044.jpg,00250044.txt
00020033.jpg,00020033.txt
00270040.jpg,00270040.txt
00300123.jpg,00300123.txt
00260132.jpg,00260132.txt
00210002.jpg,00210002.txt
00030131.jpg,00030131.txt
00240137.jpg,00240137.txt
00080131.jpg,00080131.txt
00130024.jpg,00130024.txt
00120080.jpg,00120080.txt
00240057.jpg,00240057.txt
00200057.jpg,00200057.txt
00070048.jpg,00070048.txt
00250034.jpg,00250034.txt
00050037.jpg,00050037.txt
00030091.jpg,00030091.txt
00290146.jpg,00290146.txt
00180073.jpg,00180073.txt
00120210.jpg,00120210.txt
00210102.jpg,00210102.txt
00130164.jpg,00130164.txt
00190055.jpg,00190055.txt
00060002.jpg,00060002.txt
00090076.jpg,00090076.txt
00190035.jpg,00190035.txt
00050007.jpg,00050007.txt
00080051.jpg,00080051.txt
00210082.jpg,00210082.txt
00070118.jpg,00070118.txt
00010000.jpg,00010000.txt
00220133.jpg,00220133.txt
00080101.jpg,00080101.txt
00280138.jpg,00280138.txt
00260012.jpg,00260012.txt
00040126.jpg,00040126.txt
00030021.jpg,00030021.txt
00060130.jpg,00060130.txt
00060022.jpg,00060022.txt
00240007.jpg,00240007.txt
00080031.jpg,00080031.txt
00310000.jpg,00310000.txt
00120160.jpg,00120160.txt
00190115.jpg,00190115.txt
00030101.jpg,00030101.txt
00250064.jpg,00250064.txt
00080081.jpg,00080081.txt
00090036.jpg,00090036.txt
00110025.jpg,00110025.txt
00300093.jpg,00300093.txt
00070018.jpg,00070018.txt
00010050.jpg,00010050.txt
00080041.jpg,00080041.txt
00010120.jpg,00010120.txt
00010100.jpg,00010100.txt
00020083.jpg,00020083.txt
00030031.jpg,00030031.txt
00100027.jpg,00100027.txt
00240177.jpg,00240177.txt
00290006.jpg,00290006.txt
00180113.jpg,00180113.txt
00060120.jpg,00060120.txt
00010080.jpg,00010080.txt
00260062.jpg,00260062.txt
00300063.jpg,00300063.txt
00150010.jpg,00150010.txt
00240067.jpg,00240067.txt
00300013.jpg,00300013.txt
00220053.jpg,00220053.txt
00250124.jpg,00250124.txt
00300143.jpg,00300143.txt
00150040.jpg,00150040.txt
00160060.jpg,00160060.txt
00230107.jpg,00230107.txt
00040136.jpg,00040136.txt
00210212.jpg,00210212.txt
00120050.jpg,00120050.txt
00100157.jpg,00100157.txt
00230077.jpg,00230077.txt
00120180.jpg,00120180.txt
00140088.jpg,00140088.txt
00220083.jpg,00220083.txt
00080161.jpg,00080161.txt
00180053.jpg,00180053.txt
00250004.jpg,00250004.txt
00280098.jpg,00280098.txt
00280148.jpg,00280148.txt
00230147.jpg,00230147.txt
00290066.jpg,00290066.txt
00180103.jpg,00180103.txt
00260032.jpg,00260032.txt
00210022.jpg,00210022.txt
00290036.jpg,00290036.txt
00210202.jpg,00210202.txt
00140018.jpg,00140018.txt
00250074.jpg,00250074.txt
00230037.jpg,00230037.txt
00060050.jpg,00060050.txt
00220023.jpg,00220023.txt
00280078.jpg,00280078.txt
00040026.jpg,00040026.txt
00040146.jpg,00040146.txt
00070098.jpg,00070098.txt
00170095.jpg,00170095.txt
00210032.jpg,00210032.txt
00080061.jpg,00080061.txt
00140118.jpg,00140118.txt
00120020.jpg,00120020.txt
00200067.jpg,00200067.txt
00090026.jpg,00090026.txt
00310070.jpg,00310070.txt
00010090.jpg,00010090.txt
00120130.jpg,00120130.txt
00100047.jpg,00100047.txt
00310020.jpg,00310020.txt
00230177.jpg,00230177.txt
00070068.jpg,00070068.txt
00170145.jpg,00170145.txt
00290016.jpg,00290016.txt
00170125.jpg,00170125.txt
00010020.jpg,00010020.txt
00030111.jpg,00030111.txt
00050087.jpg,00050087.txt
00120070.jpg,00120070.txt
00260002.jpg,00260002.txt
00160030.jpg,00160030.txt
00100077.jpg,00100077.txt
00050067.jpg,00050067.txt
00170115.jpg,00170115.txt
00220033.jpg,00220033.txt
00300033.jpg,00300033.txt
00190105.jpg,00190105.txt
00080121.jpg,00080121.txt
00230137.jpg,00230137.txt
00270090.jpg,00270090.txt
00160140.jpg,00160140.txt
00270000.jpg,00270000.txt
00310060.jpg,00310060.txt
00130044.jpg,00130044.txt
00220063.jpg,00220063.txt
00170075.jpg,00170075.txt
00150050.jpg,00150050.txt
00120120.jpg,00120120.txt
00200007.jpg,00200007.txt
00050127.jpg,00050127.txt
00240167.jpg,00240167.txt
00010010.jpg,00010010.txt
00240127.jpg,00240127.txt
00190045.jpg,00190045.txt
00170005.jpg,00170005.txt
00050137.jpg,00050137.txt
00050027.jpg,00050027.txt
00240037.jpg,00240037.txt
00220003.jpg,00220003.txt
00180043.jpg,00180043.txt
00210012.jpg,00210012.txt
00190005.jpg,00190005.txt
00110115.jpg,00110115.txt
00060070.jpg,00060070.txt
00210162.jpg,00210162.txt
00240157.jpg,00240157.txt
00020013.jpg,00020013.txt
00150090.jpg,00150090.txt
00130144.jpg,00130144.txt
00080091.jpg,00080091.txt
00160040.jpg,00160040.txt
00300023.jpg,00300023.txt
00300053.jpg,00300053.txt
00160110.jpg,00160110.txt
00130084.jpg,00130084.txt
00100017.jpg,00100017.txt
00310040.jpg,00310040.txt
00250054.jpg,00250054.txt
00150110.jpg,00150110.txt
00040106.jpg,00040106.txt
00160130.jpg,00160130.txt
00270030.jpg,00270030.txt
00130114.jpg,00130114.txt
00260122.jpg,00260122.txt
00120200.jpg,00120200.txt
00210072.jpg,00210072.txt
00260042.jpg,00260042.txt
00280088.jpg,00280088.txt
00290076.jpg,00290076.txt
00130014.jpg,00130014.txt
00160070.jpg,00160070.txt
00120100.jpg,00120100.txt
00300043.jpg,00300043.txt
00260102.jpg,00260102.txt
00050017.jpg,00050017.txt
00230117.jpg,00230117.txt
00210142.jpg,00210142.txt
00030051.jpg,00030051.txt
00030121.jpg,00030121.txt
00200097.jpg,00200097.txt
00060012.jpg,00060012.txt
00090046.jpg,00090046.txt
00070128.jpg,00070128.txt
00140008.jpg,00140008.txt
00280068.jpg,00280068.txt
00160090.jpg,00160090.txt
00050157.jpg,00050157.txt
00230017.jpg,00230017.txt
00260112.jpg,00260112.txt
00290136.jpg,00290136.txt
00290156.jpg,00290156.txt
00210052.jpg,00210052.txt
00260022.jpg,00260022.txt
00140028.jpg,00140028.txt
00160100.jpg,00160100.txt
00280048.jpg,00280048.txt
00170065.jpg,00170065.txt
00030001.jpg,00030001.txt
00160050.jpg,00160050.txt
00250114.jpg,00250114.txt
00220203.jpg,00220203.txt
00300073.jpg,00300073.txt
00230187.jpg,00230187.txt
00190015.jpg,00190015.txt
00190085.jpg,00190085.txt
00110045.jpg,00110045.txt
00300083.jpg,00300083.txt
00120140.jpg,00120140.txt
00290106.jpg,00290106.txt
00130054.jpg,00130054.txt
00160020.jpg,00160020.txt
00010110.jpg,00010110.txt
00090056.jpg,00090056.txt
00220093.jpg,00220093.txt
00150080.jpg,00150080.txt
00230047.jpg,00230047.txt
00050047.jpg,00050047.txt
00130124.jpg,00130124.txt
00240097.jpg,00240097.txt
00120030.jpg,00120030.txt
00060080.jpg,00060080.txt
00180013.jpg,00180013.txt
00230057.jpg,00230057.txt
00220183.jpg,00220183.txt
00140068.jpg,00140068.txt
00040006.jpg,00040006.txt
00150030.jpg,00150030.txt
00290046.jpg,00290046.txt
00260082.jpg,00260082.txt
00200087.jpg,00200087.txt
00160010.jpg,00160010.txt
00210152.jpg,00210152.txt
00170045.jpg,00170045.txt
00270100.jpg,00270100.txt
00120000.jpg,00120000.txt
00070028.jpg,00070028.txt
00270020.jpg,00270020.txt
00170105.jpg,00170105.txt
00260072.jpg,00260072.txt
00230087.jpg,00230087.txt
00070108.jpg,00070108.txt
00090066.jpg,00090066.txt
00020003.jpg,00020003.txt
00240017.jpg,00240017.txt
00190125.jpg,00190125.txt
00300133.jpg,00300133.txt
00100057.jpg,00100057.txt
00110105.jpg,00110105.txt
00290026.jpg,00290026.txt
00160080.jpg,00160080.txt
00230167.jpg,00230167.txt
00010030.jpg,00010030.txt
00080071.jpg,00080071.txt
00240087.jpg,00240087.txt
00130004.jpg,00130004.txt
00220153.jpg,00220153.txt
00010060.jpg,00010060.txt
00180003.jpg,00180003.txt
00040016.jpg,00040016.txt
00120060.jpg,00120060.txt
00110035.jpg,00110035.txt
00270080.jpg,00270080.txt
00180093.jpg,00180093.txt
00290126.jpg,00290126.txt
00110005.jpg,00110005.txt
00210062.jpg,00210062.txt
00180123.jpg,00180123.txt
00220173.jpg,00220173.txt
00130034.jpg,00130034.txt
00310030.jpg,00310030.txt
00160000.jpg,00160000.txt
00150100.jpg,00150100.txt
00090016.jpg,00090016.txt
00140098.jpg,00140098.txt
00110075.jpg,00110075.txt
00110065.jpg,00110065.txt
00280118.jpg,00280118.txt
00260052.jpg,00260052.txt
00140148.jpg,00140148.txt
00060060.jpg,00060060.txt
00150000.jpg,00150000.txt
00120190.jpg,00120190.txt
00120040.jpg,00120040.txt
00240047.jpg,00240047.txt
00200147.jpg,00200147.txt
00190065.jpg,00190065.txt
00280108.jpg,00280108.txt
00070038.jpg,00070038.txt
00180083.jpg,00180083.txt
00100167.jpg,00100167.txt
00210112.jpg,00210112.txt
00250084.jpg,00250084.txt
00300103.jpg,00300103.txt
00270110.jpg,00270110.txt
00030041.jpg,00030041.txt
00180063.jpg,00180063.txt
00150060.jpg,00150060.txt
00190095.jpg,00190095.txt
00240077.jpg,00240077.txt
00040036.jpg,00040036.txt
00300113.jpg,00300113.txt
00140128.jpg,00140128.txt
00220013.jpg,00220013.txt
00190075.jpg,00190075.txt
00230027.jpg,00230027.txt
00100117.jpg,00100117.txt
00210172.jpg,00210172.txt
00300003.jpg,00300003.txt
00050057.jpg,00050057.txt
00080011.jpg,00080011.txt
00190025.jpg,00190025.txt
00120170.jpg,00120170.txt
00070058.jpg,00070058.txt
